{"cameraMode":{"drawMode":0,"name":"Shaded","section":"Shading Mode"},"sceneLighting":true,"audioPlay":false,"sceneViewState":{"m_AlwaysRefresh":false,"showFog":true,"showSkybox":true,"showFlares":true,"showImageEffects":true,"showParticleSystems":true,"showVisualEffectGraphs":true,"m_FxEnabled":true},"in2DMode":false,"pivot":{"x":345.40423583984377,"y":156.9561767578125,"z":10.448783874511719},"rotation":{"x":-0.024307193234562875,"y":0.0005970027414150536,"z":-0.00001454300854675239,"w":-0.9997052550315857},"size":170.2608184814453,"orthographic":false}